Workbook

Sheet إدارة المستخدمين
A1: 🔐 AATCO Elevators — إدارة المستخدمين والصلاحيات
A2: ⚠️ هذه البيانات سرية — لا تشارك هذا الملف مع المندوبين
A4: 👥 قائمة المستخدمين
A5: م | B5: اسم المستخدم (يظهر في القائمة) | C5: كلمة المرور | D5: الدور | E5: المنطقة | F5: الحالة | G5: تاريخ الإضافة | H5: ملاحظات
A6: 1 | B6: admin | C6: admin | D6: مدير | E6: الكل | F6: نشط ✅ | G6: 2025-01-01 | H6: صلاحيات كاملة
A7: 2 | B7: Khalil | C7: 1234 | D7: مندوب | E7: جدة | F7: نشط ✅ | G7: 2025-01-01
A8: 3 | B8: Hussam | C8: 1234 | D8: مندوب | E8: جدة | F8: نشط ✅ | G8: 2025-01-01
A11: 📋 شرح الأدوار والصلاحيات
A12: الدور | B12: لوحة Kanban | C12: إضافة/تعديل فرص | D12: حذف فرص | E12: التقرير اليومي | F12: إحصائيات المدير | G12: ربط Google Sheets | H12: إدارة المستخدمين
A13: مدير | B13: ✅ | C13: ✅ | D13: ✅ | E13: ✅ | F13: ✅ | G13: ✅ | H13: ✅
A14: مشرف | B14: ✅ | C14: ✅ | D14: ✅ | E14: ✅ | F14: ✅ | G14: ❌ | H14: ❌
A15: مندوب | B15: ✅ | C15: ✅ (فرصه فقط) | D15: ❌ | E15: ✅ (فرصه فقط) | F15: ❌ | G15: ❌ | H15: ❌
A18: 💡 تعليمات تغيير كلمة المرور
A19: 1️⃣ لتغيير كلمة مرور مندوب: عدّل الخلية في عمود (كلمة المرور) مباشرة ثم احفظ الملف
A20: 2️⃣ لإضافة مندوب جديد: أضف صفاً جديداً في الجدول أعلاه وأدخل بياناته
A21: 3️⃣ لإيقاف مستخدم: غيّر حالته إلى (موقوف ⛔) — لن يتمكن من الدخول
A22: 4️⃣ كلمات المرور حساسة لحالة الأحرف — (admin) تختلف عن (Admin)
A23: 5️⃣ لا تشارك هذا الملف مع أحد — احتفظ به في مكان آمن

Sheet الفرص
A1: 🏢 AATCO Elevators — سجل الفرص البيعية
A2: رقم الفرصة | B2: اسم العميل | C2: رقم الهاتف | D2: المنطقة | E2: نوع المبنى | F2: عدد الأدوار | G2: نوع الخدمة | H2: المرحلة | I2: الأولوية | J2: إجراء المندوب | K2: نتيجة الزيارة | L2: المندوب | M2: القيمة المتوقعة (SR)
A3: OPP-001 | B3: مستشفى الحرس الوطني | C3: 0551234567 | D3: جدة | E3: طبي | F3: 12 | G3: تركيب مصعد جديد | H3: زيارة ميدانية | I3: P1 | J3: زيارة ميدانية | K3: إيجابية | L3: أحمد السعيد | M3: 120000
A4: OPP-002 | B4: برج المملكة | C4: 0557654321 | D4: الرياض | E4: تجاري | F4: 30 | G4: تجديد مصعد | H4: عرض سعر | I4: P2 | J4: تقديم عرض سعر | K4: معلقة | L4: محمد العمري | M4: 280000
A5: OPP-003 | B5: ساني للمقاولات | C5: 0562345678 | D5: مكة المكرمة | E5: سكني | F5: 8 | G5: تركيب مصعد جديد | H5: موافقة | I5: P3 | J5: مفاوضة | K5: معلقة | L5: خالد الزهراني | M5: 65000
A6: OPP-004 | B6: أرامكو السعودية | C6: 0134567890 | D6: الدمام | E6: حكومي | F6: 6 | G6: صيانة مصاعد | H6: مكتمل | I6: P1 | J6: إغلاق العقد | K6: إيجابية | L6: سارة المالكي | M6: 90000
A7: OPP-005 | B7: شركة الخليج للتطوير | C7: 0509876543 | D7: جدة | E7: تجاري | F7: 15 | G7: تركيب مصعد جديد | H7: جديد | I7: P4 | J7: اتصال هاتفي | K7: معلقة | L7: أحمد السعيد | M7: 150000
A8: OPP-006 | B8: فندق هيلتون جدة | C8: 0125559900 | D8: جدة | E8: فندقي | F8: 20 | G8: تجديد مصعد | H8: موافقة | I8: P2 | J8: إرسال عرض مُعدَّل | K8: إيجابية | L8: محمد العمري | M8: 200000

Sheet ملخص المبيعات
A1: 📊 AATCO Elevators — ملخص المبيعات
A3: 🎯 مؤشرات الأداء الرئيسية | D3: 📊 توزيع الفرص حسب الأولوية
A4: إجمالي الفرص | B4: =COUNTA(الفرص!B3:B1000) -> 6 | D4: الأولوية | E4: عدد الفرص | F4: القيمة الإجمالية | G4: نسبة العدد | H4: نسبة القيمة
A5: الفرص النشطة | B5: =COUNTIFS(الفرص!H3:H1000,"<>خسرنا",الفرص!H3:H1000,"<>") -> 6 | D5: P1 🔴 — 3 أيام | E5: =COUNTIF(الفرص!I$3:'الفرص'!I$1000,"P1") -> 2 | F5: =SUMIF(الفرص!I$3:'الفرص'!I$1000,"P1",الفرص!M$3:'الفرص'!M$1000) -> 210000 | G5: =IFERROR(E5/SUM(E$5:E$8),0) -> 0.33333333 | H5: =IFERROR(F5/SUM(F$5:F$8),0) -> 0.2320442
A6: مكتملة (تم الفوز) | B6: =COUNTIF(الفرص!H3:H1000,"مكتمل") -> 1 | D6: P2 🟠 — 10 أيام | E6: =COUNTIF(الفرص!I$3:'الفرص'!I$1000,"P2") -> 2 | F6: =SUMIF(الفرص!I$3:'الفرص'!I$1000,"P2",الفرص!M$3:'الفرص'!M$1000) -> 480000 | G6: =IFERROR(E6/SUM(E$5:E$8),0) -> 0.33333333 | H6: =IFERROR(F6/SUM(F$5:F$8),0) -> 0.53038674
A7: P1 عاجلة | B7: =COUNTIF(الفرص!I3:I1000,"P1") -> 2 | D7: P3 🟡 — 14 يوم | E7: =COUNTIF(الفرص!I$3:'الفرص'!I$1000,"P3") -> 1 | F7: =SUMIF(الفرص!I$3:'الفرص'!I$1000,"P3",الفرص!M$3:'الفرص'!M$1000) -> 65000 | G7: =IFERROR(E7/SUM(E$5:E$8),0) -> 0.16666667 | H7: =IFERROR(F7/SUM(F$5:F$8),0) -> 0.071823204
A8: إجمالي القيمة المتوقعة | B8: =SUMIF(الفرص!H3:H1000,"<>خسرنا",الفرص!M3:M1000) -> 905000 | D8: P4 🔵 — متابعة | E8: =COUNTIF(الفرص!I$3:'الفرص'!I$1000,"P4") -> 1 | F8: =SUMIF(الفرص!I$3:'الفرص'!I$1000,"P4",الفرص!M$3:'الفرص'!M$1000) -> 150000 | G8: =IFERROR(E8/SUM(E$5:E$8),0) -> 0.16666667 | H8: =IFERROR(F8/SUM(F$5:F$8),0) -> 0.16574586
A9: قيمة الصفقات المكتملة | B9: =SUMIF(الفرص!H3:H1000,"مكتمل",الفرص!M3:M1000) -> 90000
A10: معدل التحويل | B10: =IFERROR(COUNTIF(الفرص!H3:H1000,"مكتمل")/(COUNTIF(الفرص!H3:H1000,"مكتمل")+COUNTIF(الفرص!H3:H1000,"خسرنا")),0) -> 1
A11: متوسط قيمة الصفقة | B11: =IFERROR(AVERAGEIF(الفرص!H3:H1000,"<>خسرنا",الفرص!M3:M1000),0) -> 150833.33
A14: 👤 أداء المندوبين
A15: المندوب | B15: إجمالي الفرص | C15: مكتملة | D15: معلقة | E15: خسرنا | F15: القيمة المتوقعة | G15: القيمة المُغلقة | H15: معدل التحويل
A16: أحمد السعيد | B16: =COUNTIF(الفرص!L$3:'الفرص'!L$1000,A16) -> 2 | C16: =COUNTIFS(الفرص!L$3:'الفرص'!L$1000,A16,الفرص!H$3:'الفرص'!H$1000,"مكتمل") -> 0 | D16: =COUNTIFS(الفرص!L$3:'الفرص'!L$1000,A16,الفرص!H$3:'الفرص'!H$1000,"<>مكتمل",الفرص!H$3:'الفرص'!H$1000,"<>خسرنا",الفرص!H$3:'الفرص'!H$1000,"<>") -> 2 | E16: =COUNTIFS(الفرص!L$3:'الفرص'!L$1000,A16,الفرص!H$3:'الفرص'!H$1000,"خسرنا") -> 0 | F16: =SUMIFS(الفرص!M$3:'الفرص'!M$1000,الفرص!L$3:'الفرص'!L$1000,A16,الفرص!H$3:'الفرص'!H$1000,"<>خسرنا") -> 270000 | G16: =SUMIFS(الفرص!M$3:'الفرص'!M$1000,الفرص!L$3:'الفرص'!L$1000,A16,الفرص!H$3:'الفرص'!H$1000,"مكتمل") -> 0 | H16: =IFERROR(C16/(C16+E16),0) -> 0
A17: محمد العمري | B17: =COUNTIF(الفرص!L$3:'الفرص'!L$1000,A17) -> 2 | C17: =COUNTIFS(الفرص!L$3:'الفرص'!L$1000,A17,الفرص!H$3:'الفرص'!H$1000,"مكتمل") -> 0 | D17: =COUNTIFS(الفرص!L$3:'الفرص'!L$1000,A17,الفرص!H$3:'الفرص'!H$1000,"<>مكتمل",الفرص!H$3:'الفرص'!H$1000,"<>خسرنا",الفرص!H$3:'الفرص'!H$1000,"<>") -> 2 | E17: =COUNTIFS(الفرص!L$3:'الفرص'!L$1000,A17,الفرص!H$3:'الفرص'!H$1000,"خسرنا") -> 0 | F17: =SUMIFS(الفرص!M$3:'الفرص'!M$1000,الفرص!L$3:'الفرص'!L$1000,A17,الفرص!H$3:'الفرص'!H$1000,"<>خسرنا") -> 480000 | G17: =SUMIFS(الفرص!M$3:'الفرص'!M$1000,الفرص!L$3:'الفرص'!L$1000,A17,الفرص!H$3:'الفرص'!H$1000,"مكتمل") -> 0 | H17: =IFERROR(C17/(C17+E17),0) -> 0
A18: خالد الزهراني | B18: =COUNTIF(الفرص!L$3:'الفرص'!L$1000,A18) -> 1 | C18: =COUNTIFS(الفرص!L$3:'الفرص'!L$1000,A18,الفرص!H$3:'الفرص'!H$1000,"مكتمل") -> 0 | D18: =COUNTIFS(الفرص!L$3:'الفرص'!L$1000,A18,الفرص!H$3:'الفرص'!H$1000,"<>مكتمل",الفرص!H$3:'الفرص'!H$1000,"<>خسرنا",الفرص!H$3:'الفرص'!H$1000,"<>") -> 1 | E18: =COUNTIFS(الفرص!L$3:'الفرص'!L$1000,A18,الفرص!H$3:'الفرص'!H$1000,"خسرنا") -> 0 | F18: =SUMIFS(الفرص!M$3:'الفرص'!M$1000,الفرص!L$3:'الفرص'!L$1000,A18,الفرص!H$3:'الفرص'!H$1000,"<>خسرنا") -> 65000 | G18: =SUMIFS(الفرص!M$3:'الفرص'!M$1000,الفرص!L$3:'الفرص'!L$1000,A18,الفرص!H$3:'الفرص'!H$1000,"مكتمل") -> 0 | H18: =IFERROR(C18/(C18+E18),0) -> 0
A19: سارة المالكي | B19: =COUNTIF(الفرص!L$3:'الفرص'!L$1000,A19) -> 1 | C19: =COUNTIFS(الفرص!L$3:'الفرص'!L$1000,A19,الفرص!H$3:'الفرص'!H$1000,"مكتمل") -> 1 | D19: =COUNTIFS(الفرص!L$3:'الفرص'!L$1000,A19,الفرص!H$3:'الفرص'!H$1000,"<>مكتمل",الفرص!H$3:'الفرص'!H$1000,"<>خسرنا",الفرص!H$3:'الفرص'!H$1000,"<>") -> 0 | E19: =COUNTIFS(الفرص!L$3:'الفرص'!L$1000,A19,الفرص!H$3:'الفرص'!H$1000,"خسرنا") -> 0 | F19: =SUMIFS(الفرص!M$3:'الفرص'!M$1000,الفرص!L$3:'الفرص'!L$1000,A19,الفرص!H$3:'الفرص'!H$1000,"<>خسرنا") -> 90000 | G19: =SUMIFS(الفرص!M$3:'الفرص'!M$1000,الفرص!L$3:'الفرص'!L$1000,A19,الفرص!H$3:'الفرص'!H$1000,"مكتمل") -> 90000 | H19: =IFERROR(C19/(C19+E19),0) -> 1

Sheet كود Apps Script
A1: 📌 الصق هذا الكود في Apps Script لربط النظام بـ Google Sheets
A3: function doPost(e) {
A4: var ss = SpreadsheetApp.getActiveSpreadsheet();
A5: var sheet = ss.getSheetByName("الفرص");
A6: var data = JSON.parse(e.postData.contents);
A7: var card = data.card;
A8: var action = data.action;
A10: var cols = [
A11: card.id, card.name, card.phone, card.region, card.btype,
A12: card.floors, card.service, COLS[card.col] || card.col,
A13: card.priority ? card.priority.toUpperCase() : "",
A14: card.action, RESULTS[card.result] || "", card.rep,
... A56: }
